date,broker_code,participant_type,net_value,buy_value,sell_value,frequency
2026-08-05,IF,Lokal,138509316500.0,139084912500.0,575596000.0,3523.0
2026-08-05,YP,Asing,62389669000.0,87595484000.0,25205815000.0,8659.0
2026-08-05,CC,Pemerintah,49901177000.0,115195700000.0,65294523000.0,26182.0
2026-08-05,KZ,Asing,33308229500.0,109447417000.0,76139187500.0,7652.0
2026-08-05,LG,Lokal,30990023500.0,45180125500.0,14190102000.0,2719.0
2026-08-05,DX,Pemerintah,26879858500.0,37133045500.0,10253187000.0,2820.0
2026-08-05,AG,Asing,26546211000.0,27505591000.0,959380000.0,1239.0
2026-08-05,SQ,Lokal,22295886000.0,70115590500.0,47819704500.0,7018.0
2026-08-05,ZP,Asing,20682873500.0,187092260500.0,166409387000.0,19697.0
2026-08-05,NI,Pemerintah,15679274500.0,23450342500.0,7771068000.0,4542.0
2026-08-05,OD,Pemerintah,15082038500.0,24654915500.0,9572877000.0,5125.0
2026-08-05,GR,Lokal,10612330000.0,12597159000.0,1984829000.0,1245.0
2026-08-05,XA,Asing,10588594000.0,10752667000.0,164073000.0,1121.0
2026-08-05,HD,Asing,4218506500.0,6265742000.0,2047235500.0,879.0
2026-08-05,SH,Lokal,4123402500.0,4675760000.0,552357500.0,171.0
2026-08-05,KK,Asing,3503476000.0,8141380000.0,4637904000.0,1988.0
2026-08-05,IH,Lokal,3459190000.0,3490195000.0,31005000.0,42.0
2026-08-05,HP,Lokal,2850856500.0,15332749500.0,12481893000.0,585.0
2026-08-05,PP,Lokal,2525721000.0,2525721000.0,0.0,21.0
2026-08-05,LS,Asing,2515600500.0,2925852500.0,410252000.0,310.0
2026-08-05,EP,Lokal,2502371000.0,7399580000.0,4897209000.0,1462.0
2026-08-05,IN,Lokal,2376291000.0,2380291000.0,4000000.0,37.0
2026-08-05,KI,Lokal,1902098000.0,3958778500.0,2056680500.0,380.0
2026-08-05,YB,Lokal,1786931500.0,3659256500.0,1872325000.0,1335.0
2026-08-05,TP,Asing,1325983500.0,7691507000.0,6365523500.0,1205.0
2026-08-05,RO,Lokal,1010309000.0,1800838500.0,790529500.0,510.0
2026-08-05,RF,Lokal,1005651000.0,3022221000.0,2016570000.0,198.0
2026-08-05,BQ,Asing,845451000.0,7126047500.0,6280596500.0,1008.0
2026-08-05,RG,Lokal,640688500.0,738186500.0,97498000.0,61.0
2026-08-05,ES,Lokal,558948000.0,621600000.0,62652000.0,42.0
2026-08-05,PC,Lokal,515117500.0,562078000.0,46960500.0,33.0
2026-08-05,QA,Lokal,430770000.0,489796000.0,59026000.0,123.0
2026-08-05,ZR,Lokal,372019500.0,658359500.0,286340000.0,22.0
2026-08-05,MG,Lokal,274441500.0,1341256500.0,1066815000.0,493.0
2026-08-05,DP,Asing,239569000.0,239569000.0,0.0,36.0
2026-08-05,RS,Lokal,89845000.0,160625000.0,70780000.0,11.0
2026-08-05,TF,Lokal,24777000.0,63807000.0,39030000.0,21.0
2026-08-05,YO,Lokal,24534000.0,24534000.0,0.0,1.0
2026-08-05,SA,Lokal,20488000.0,49988000.0,29500000.0,6.0
2026-08-05,DD,Lokal,8470000.0,16020000.0,7550000.0,3.0
2026-08-05,AD,Lokal,2750000.0,2750000.0,0.0,5.0
2026-08-05,OK,Lokal,2690000.0,5750000.0,3060000.0,3.0
2026-08-05,GI,Asing,610000.0,610000.0,0.0,1.0
2026-08-05,JB,Lokal,-27569000.0,2130000.0,29699000.0,6.0
2026-08-05,ID,Lokal,-64080000.0,27400000.0,91480000.0,4.0
2026-08-05,PI,Lokal,-70125000.0,0.0,70125000.0,11.0
2026-08-05,EL,Lokal,-126810000.0,550000.0,127360000.0,3.0
2026-08-05,BF,Lokal,-166000000.0,0.0,166000000.0,1.0
2026-08-05,MU,Lokal,-180637000.0,129244000.0,309881000.0,215.0
2026-08-05,BS,Lokal,-197588500.0,16693500.0,214282000.0,34.0
2026-08-05,IU,Lokal,-251735000.0,0.0,251735000.0,96.0
2026-08-05,IT,Lokal,-283675000.0,32125000.0,315800000.0,21.0
2026-08-05,AR,Lokal,-336662000.0,61260000.0,397922000.0,17.0
2026-08-05,PG,Lokal,-345375000.0,7140000.0,352515000.0,11.0
2026-08-05,BR,Lokal,-491682500.0,228025500.0,719708000.0,59.0
2026-08-05,SS,Lokal,-506491500.0,141291000.0,647782500.0,11.0
2026-08-05,CD,Lokal,-527459000.0,1068177000.0,1595636000.0,121.0
2026-08-05,DU,Asing,-605982500.0,6199000.0,612181500.0,8.0
2026-08-05,RB,Asing,-618840500.0,439880000.0,1058720500.0,26.0
2026-08-05,AI,Asing,-838505000.0,1610064000.0,2448569000.0,349.0
2026-08-05,SF,Lokal,-847669500.0,41697500.0,889367000.0,71.0
2026-08-05,PO,Lokal,-1048380000.0,0.0,1048380000.0,46.0
2026-08-05,DH,Lokal,-1213089000.0,2770973000.0,3984062000.0,822.0
2026-08-05,AO,Lokal,-1250261500.0,938398000.0,2188659500.0,184.0
2026-08-05,FZ,Lokal,-1290934500.0,404675500.0,1695610000.0,99.0
2026-08-05,MI,Lokal,-1593333000.0,31342000.0,1624675000.0,82.0
2026-08-05,FS,Asing,-1825967500.0,44626500.0,1870594000.0,48.0
2026-08-05,YJ,Lokal,-4688380500.0,2297601500.0,6985982000.0,716.0
2026-08-05,AT,Lokal,-4768849500.0,1136069500.0,5904919000.0,671.0
2026-08-05,PD,Lokal,-5781635500.0,9190705000.0,14972340500.0,7372.0
2026-08-05,CP,Asing,-5897363500.0,15520929500.0,21418293000.0,2590.0
2026-08-05,AZ,Lokal,-6684398000.0,27329019500.0,34013417500.0,2856.0
2026-08-05,XL,Lokal,-7436885500.0,55197707500.0,62634593000.0,39443.0
2026-08-05,DR,Asing,-9539859000.0,17706861000.0,27246720000.0,2936.0
2026-08-05,XC,Lokal,-10280784500.0,18307016000.0,28587800500.0,13527.0
2026-08-05,AF,Lokal,-11887720000.0,399600000.0,12287320000.0,329.0
2026-08-05,RX,Asing,-24192690000.0,44951106000.0,69143796000.0,5629.0
2026-08-05,BK,Asing,-34698849000.0,95986424500.0,130685273500.0,16421.0
2026-08-05,BB,Lokal,-39625373000.0,6218635000.0,45844008000.0,4139.0
2026-08-05,YU,Asing,-151116892000.0,2133426500.0,153250318500.0,8180.0
2026-08-05,AK,Asing,-171314506000.0,95823549000.0,267138055000.0,29099.0
